Resid,MaxSeaSurfaceTemp
0.0149,29.4
0.0649,29.4
0.0549,29.4
-0.0774,29.6
-0.01665,29.1
0.10795,28.7
0.02645,29.7
0.01875,29.5
-0.0051,29.4
-0.0405,29
0.0095,29
-0.1605,29
